learning_rate,activation_function,mae,mse,max_error,r2-score,training_time,test_time,total_time
0.01,relu,0.42635610167182103,0.26925976643000327,1.5200106816931929,-0.10966192755443793,27.1102876663208,0.12783455848693848,27.23812222480774
0.01,sigmoid,0.03630487568106164,0.0020620629023690358,0.1465418041761104,0.9915019138383745,24.655518770217896,0.03213858604431152,24.687657356262207
0.02,relu,0.4286247243231952,0.2726539488789813,1.4843389594154328,-0.1236498882837418,23.350613117218018,0.030085086822509766,23.380698204040527
0.02,sigmoid,0.037782506796988226,0.0022270357383447005,0.1534104203540958,0.990822034784812,25.57857370376587,0.03239011764526367,25.610963821411133
0.03,relu,0.43260059808231477,0.27893279318548403,1.518664213102314,-0.14952599509444608,23.61344265937805,0.043337106704711914,23.656779766082764
0.03,sigmoid,0.03716406588488927,0.0021660651018650637,0.149986269971645,0.9910733043855298,24.220709562301636,0.03131985664367676,24.252029418945312
0.04,relu,0.4346367631337065,0.2821522332480627,1.5239504131037946,-0.16279381491340028,23.67981505393982,0.030701637268066406,23.710516691207886
0.04,sigmoid,0.043876167891108736,0.0029540429112430862,0.16228100720147975,0.987825923663123,24.274601459503174,0.0509638786315918,24.325565338134766
