test_time,training_time,mse,mae,max_error,r2
0.0009920597076416016,151.05609369277954,1.0531451826559328,0.8474551748792277,3.0145179054367195,-0.019908649408918233
