test_time,training_time,mse,mae,max_error,r2
0.13676762580871582,4.945215463638306,0.002935444580899763,0.041639256140778985,0.3103858530521393,0.9884315603826833
